Trigger,,,,,,,,,,,,,,
Id,,Count,RefreshType,RefreshPara,StartTime,EndTime,LT,SceneId,Level,SpinTimes,StoredEnergyPara,CheckTime,Duration,Newer
int,,int,int,int,[int],[int],[int],int,int,int,[int],int,int,int
,,,目前未实现,目前未实现,,,,,,,,,,
编号,策划备注,开放轮数,刷新类型,刷新参数,开始时间,结束时间,注册天数,场景表Id,要求等级,Spin次数,库存能量参数（万分比）;检测CD,剩余时间少于这个时间不再开启活动,持续时间(s),是否仅新手
1,长周期-集卡沙滩季-测试,99,0,0,2026;3;26,2026;4;12;23;59;59,,,55,,,,,
2,嘉年华-新手,1,0,0,2025;1;1,2026;12;31;23;59;59,,1,,84,,,604800,1
3,活跃进度条,3,0,0,2025;9;12,2025;9;15;23;59;59,,1,55,,,,,
4,islandRush-新手,1,0,0,2025;1;1,2025;12;31;23;59;59,,,9999,,,,14400,1
5,锦标赛,1,0,0,2025;9;9,2025;9;9;23;54;59,,1,111,,,,,
6,quest-新手,1,0,0,2026;1;1,2026;12;31;23;59;59,,1,,37,,,1296000,1
7,气球,1,0,0,2025;1;1,2026;12;31;23;59;59,,1,,37,,,172800,1
8,金猪,99,0,0,2025;9;12,2025;9;15;23;59;59,,1,141,,,,,
